,PC1,PC2,PC3,PC4
0,-0.3795283260164454,10.746567521226797,7.852229209345071,-1.1187785947326359
1,5.089002121492316,14.034633705586739,8.964598427532994,1.2574893456758538
2,3.4629594438760924,7.614688786671275,6.70096952502793,-5.374048994751227
3,5.276294708243857,15.494146814704196,7.364666477130899,-0.6349294341995929
4,20.158762372417698,5.949419058618504,6.785588567520623,0.718276977892802
5,-8.660332695124973,21.59494787264049,0.023454847921012,2.5335249837054574
6,-1.3959347499489467,8.711781105529381,10.368342117993933,-1.2862984773541584
7,-1.0825366188645658,9.572897442685688,7.256156647938796,-5.10030705510606
8,3.30080992586372,6.562190711243219,9.73449460018927,-5.554847835303974
9,0.02197756170873756,12.957010473063873,7.555181977962945,-1.5143358271583673
10,-5.800426864466957,7.381047576639247,10.251835666135579,0.5395543060592842
11,1.535023479245331,4.745413854038475,7.80732564518138,4.447688886924315
12,0.31810264086071494,2.214464930705846,11.787301859993043,-3.165756566290614
13,-1.549636080366054,9.119558937361175,10.88443400764395,2.8627895713674065
14,5.895766421312885,7.721458869655445,10.603469193548646,-2.3649654168601284
15,0.4764427298798193,13.192967172991331,9.713937309600562,0.8059652956061115
16,7.855756769969541,9.164195999319448,-5.6968110388124,-0.5777196160975461
17,13.589919707271873,9.020472593669806,-7.8216646664875,-7.218069793226853
18,-11.309311776473509,10.484219189434503,4.41840211764247,-4.608535657754981
19,-3.69151456810256,7.299026128161456,7.813996750154807,-3.0619177618801108
20,5.500984013326453,8.84752564246443,7.646192396593334,1.44214862920842
21,-2.4583844300326114,8.736383731560345,8.34894568218082,-0.9935125707225502
22,-1.1064152643604648,0.9529429215850123,10.94209183128281,-1.587228895398974
23,6.692822212455851,2.521910914879011,11.286843026926437,-4.5991753187546465
24,-1.7706460137108964,9.13599587303816,7.298744172897819,-3.7391088429676085
25,-2.6203417056307186,6.868803913137389,7.405734508475131,-4.309601346574212
26,2.547383591854472,3.191517579283608,11.279071927303622,1.0228116424880807
27,-2.832800063485209,5.682522915716144,10.035755282734131,1.8513592408095587
28,7.157626285754287,2.072014818458982,11.90540117541804,2.551676796624709
29,-0.006735958376545015,10.011049306462867,8.333659360015034,0.1806706162288838
30,-7.792342078713769,-2.072778147166627,1.2356794863566731,-3.068673253581913
31,-5.863948630298728,3.336402060081816,1.5640759298039522,0.4567690378384751
32,-2.9539965819892378,4.712166779389771,-1.2699904837488805,-4.193692122265047
33,1.0014245325245248,-7.046145495645506,3.97281619521168,-3.560874015853109
34,11.736678491670586,-0.0019812083530064296,0.8320183755844902,1.9569226763729166
35,13.92485853310855,8.263839184496058,-5.547684334300696,-7.409669896870368
36,13.682803051798375,8.390067523058077,-3.505402070961302,-1.6205901032252796
37,-2.7359741226043,9.13305383183093,7.75946613103453,3.2702520118852183
38,-0.9187498818315701,3.5444422991907802,9.827966492671692,-2.2701184377538937
39,-5.87834201080951,0.4742774024868882,0.25389254440951625,-0.3100420242875384
40,-9.710724596578203,-1.1393518809036518,4.077031694905029,-2.1160795259059553
41,-9.514006053951656,-1.0475280149417665,2.0395874990776286,-0.3408617241628668
42,-4.745853479971162,-2.6432511498417655,2.131371693878821,0.4501541265317175
43,4.911664821815752,5.8442117293706515,-4.06051998955222,-2.2986336932628166
44,-0.528530380410014,0.6599358265437361,-1.6001669974211903,-0.17346620375972877
45,-0.1900567004849607,2.1723628875856837,-0.5103067992949825,4.567252955659099
46,-5.141304027026327,-0.8785820588675991,1.480459020661943,0.025838742447930253
47,-6.048714373026603,1.2248350506161916,0.3499586363382473,-2.1699374803605513
48,4.010226890801293,7.426881161563194,-4.485339150806698,3.8303384291569897
49,-3.1241642260484266,0.4169669695803562,2.6932587887866735,-1.0404101848376972
50,0.5785394836766355,-0.04482404327194939,-2.0798622193339957,0.8795062195048226
51,7.30373196098628,3.1821503401099225,-1.5555638256288964,3.8588629828981817
52,6.439913605315135,8.047986940266737,-5.04345815412117,-6.870482364077064
53,6.9810666736117035,5.781034133056545,-2.136755744763571,-1.9972189587948521
54,10.033093438908772,0.45584267472553847,-0.9486173452196897,-2.818004401213689
55,14.231622327259437,0.3016313945386441,2.3890605692003715,2.7452047744844137
56,-3.772923459546768,3.5533738087038618,10.587458685377444,-1.7079426161393734
57,-8.297467096256517,1.097240395100108,0.6504475121744722,0.11000131715543261
58,-5.557441976456422,-3.7885792953819353,1.3962288756084984,-3.2400579605337674
59,-5.181687180494554,-0.12073939597658806,0.7303734821337042,-3.7553286652438946
60,-7.129637411444245,1.919119958817736,0.3847153073643,0.524723687173836
61,4.281680375667143,-1.8060358619003796,4.859216645154252,-0.5193131950188316
62,-4.86358851451107,0.13534034672142486,-0.24767222538737882,-2.1306653702088707
63,-8.470147448553544,0.3409927778141706,0.6346111088250344,4.613982592112836
64,-8.237842281705179,-3.7405922174657555,2.716035581482803,-0.8387752615053433
65,-6.853515183424016,-2.7704221363497914,1.0864715213525924,-2.1323913701455766
66,0.28979183501818456,-8.013558854383517,4.8815566843171085,2.058354540316589
67,-3.313206456404683,-2.065919668609312,3.2221862136957053,-0.8532165603384898
68,6.7133502160163205,3.4752991532026725,-3.453073413836874,0.18157695360435705
69,5.614356116795251,3.6502748413970143,-1.8283894385067971,1.5417830012693425
70,3.09936490104644,-0.326983424655576,0.22282133245350233,4.66644245944797
71,2.3434876925989085,4.411130371450133,-3.2401650261169848,2.8040397100713084
72,4.316962802146779,0.32805294823962117,1.162329991863159,-1.9771083892540162
73,3.421388189627006,3.3087849395950464,-2.3214189593077634,4.42053899800409
74,12.29449644890444,-1.3815438862790959,-1.9061522610980868,4.373002892896228
75,14.792383420230207,4.10780295275427,-1.6497252960060995,0.9845940066966892
76,10.906427611958527,12.757293833004878,-5.545148124582087,-2.931872749802552
77,-5.410771618854233,3.239391373316753,6.6730212292059985,-2.2961041468735064
78,-1.2887577717850733,6.836719867906432,8.321238094402323,-1.29629590897196
79,-8.923723948994368,-1.6472476541340242,1.0628197703553206,2.178661397605385
80,-6.732925422853151,-2.2601110874968433,1.2325223457871182,-1.4743340976584909
81,4.531483315476078,1.9295724263290612,-6.470638550602436,-6.766330033461688
82,-0.09960264594964928,-4.1727856265036865,-0.7806991179969551,-1.0084123305859574
83,-8.8294106903213,-8.20595399752543,3.7420504046688428,-1.8811019928716315
84,-0.162608624130801,-1.0364592255769856,-3.0697743132232014,-5.28059021451683
85,-1.1067539080471347,1.58163671935452,-2.77561003483628,-3.583938776560483
86,-6.912893420663048,-1.7646790702404858,4.465765737775841,0.8175344349978922
87,-4.508288301365881,-1.1615241042632118,3.9213951162983967,2.010662752009982
88,-6.613489316573489,-0.2986208892640238,1.4861739837447334,3.3563468649617487
89,-1.5903802756767949,4.611175668264602,-5.989999886791656,-1.2901435085348232
90,-0.06532652610704201,0.04398305507167933,-5.442006060557759,-1.5486211567427854
91,4.063922826263479,6.207145292609452,-5.516841452607987,0.4018086117044272
92,-3.190066406199376,-4.999042360549813,2.776409616455028,1.7420771914857263
93,-5.09220348680647,-2.702320803095392,1.182515128473398,-2.629374968864681
94,2.3582002920576555,1.454449146497547,-5.657710128332642,-2.525817201512351
95,2.2989181083077694,1.9637838021530596,0.2750172564845076,9.664893505581183
96,4.181385228986935,-1.4229919137291178,-2.938280375892776,-0.7554717632276444
97,-3.2262855240145445,-2.2414549129340937,3.1047143162484283,-4.596484878710151
98,10.175898979600207,5.2760364365731585,-5.5733482329245465,1.3801440232485016
99,3.3312866652409254,4.7618251072192965,-4.067729819931717,-0.3584802068978963
100,-0.2658656998464881,-2.779956602892426,-0.20796889366831492,-2.7863379803750163
101,3.986393925911465,2.0799423550511342,-4.1809383855372495,0.4207671758793872
102,1.7886568238129779,-4.802184509618976,3.378367571448367,-3.018765451777302
103,4.194569257960101,6.970762209659409,-3.446543077079384,3.35269166598062
104,5.456350766726814,3.604735630935032,-0.5226932696268795,-1.1763962211444443
105,7.403818356146582,1.1435242565113384,1.6168102977159626,-0.4037223157236606
106,7.586573473380828,10.778260436781892,-5.7794291326986755,-5.116293688585512
107,-5.983034255250986,-0.15051906155815845,-8.263864231197148,-1.2456318590314865
108,-10.10365457529496,-5.0159464810848,3.799455317035906,0.42534413354911216
109,-5.655157633158268,-5.653875303821035,0.07093069269546971,-2.5599185675366156
110,-4.562835248990803,2.7509678368692474,-5.606147782525604,-2.6340449660090393
111,-4.73403139809439,-0.26534511756827567,-2.942432109468297,-3.505520045060471
112,-7.498513994926409,-6.44935768040558,1.2603951209592255,-0.9015061256417659
113,-1.4938763289726258,-0.5553446614514242,-3.9529222785525286,-0.08998897350160683
114,-1.5883243089682455,0.4212041550928416,-4.682113048411578,-2.9112062648742176
115,0.015246987167152374,-1.750894264544938,-2.8731612253571277,-1.9134587629150086
116,-3.052432110090493,-1.4322008554717827,-0.5629117492607224,1.530992961599197
117,-0.80485233722124,0.08294403140800398,-2.384705302698863,-1.7992612278345108
118,-0.45972695724367507,-5.4237133697227105,2.992366629511448,1.3223059974333409
119,-6.152883653393356,-1.2716190612874425,1.0145615547789921,-1.3322186630317792
120,-7.766658682216247,-1.0892358846175951,-0.40705795550284224,-4.958684480829659
121,-4.158474823617713,1.0640602257814848,-2.7666092215440425,-2.440878993663444
122,-1.391287671131726,0.5911725140437584,-0.988524415335572,2.793393661540763
123,-4.594199370302777,-6.541625419489933,2.477495679113758,0.5766151387829539
124,-7.042136200670132,-0.9480617510981519,3.6318258576823874,1.4960390558180607
125,-0.5801034000359955,4.564349609282705,-7.069559465055513,1.2399944620581071
126,-2.9991285077363163,-3.3542292810521257,0.7330684785714463,-0.8396489165424573
127,-5.461383532566998,-8.578176475570475,5.603885038240916,-2.198415257768177
128,-0.29253415166220037,1.3721494929169311,-5.804861778954996,-1.981496547352223
129,-4.279669520335183,-4.93725296026825,1.6777032277283868,-3.265938986764943
130,2.777617685040431,2.4403232789658893,-4.918347355706204,3.8824254606810356
131,-1.4833363505063222,1.2556204005881024,-3.4821300045437753,1.8406023730655856
132,2.4346297148272646,-0.5181239785192208,-4.392415425211271,-1.5326026356030573
133,0.32288746988385664,0.42288667177274314,0.23667185354964437,5.951029649494993
134,-3.282291421848252,2.3169706512663844,-2.202865180805377,3.616137817079474
135,-0.22710911084167382,1.076049502958773,-1.7760529855290421,1.5093627718469615
136,0.2890177657980425,1.7557846387261562,-2.5080749623878837,3.760785213485469
137,6.705572990160372,3.222640425903292,-5.650362822957156,-1.2902557894744895
138,4.019731977178281,6.111827360492883,-8.29314023014837,-4.160161799867028
139,1.7914057298479114,1.5803180541253274,-1.9366055094339762,-1.050091871545421
140,5.134643927638757,3.775709808152535,-3.0775315552770075,2.2760611565811466
141,1.500419743952057,-1.8131862629623108,-2.327237345569774,1.3097494839501307
142,-3.2680295504762755,-1.2326060262651473,4.2070854975783805,-1.6657442349800702
143,6.328188621002583,0.6815285033170443,-1.5804858636526857,3.361029934845746
144,3.2341330068543868,2.1640018326572594,-4.348234109404215,2.8152712735714545
145,3.1959722215460347,-1.4133696056585128,-0.7188432227525998,4.556939459082011
146,3.715949623973653,-4.195778554148164,1.2998922748906345,-1.9123262383899755
147,4.271847408173893,1.686658501500615,-0.6596085371626611,-1.5267726178425212
148,1.4209955171148534,5.364445271904096,-3.0787003790704146,-1.6105976089455387
149,2.775405340952593,2.1228282106824192,-4.6995858863321445,-5.390309539581116
150,3.1113169967342515,-4.128409162104466,0.5822965063117249,1.060189606550851
151,9.611422558187895,1.7793330395566629,-5.041978522144227,-4.0887246119759
152,7.947690018934212,3.5493471518999806,1.5658627311464504,-2.0948662008887897
153,8.78662479835325,5.505970413610655,-6.218166472720109,-2.321977180024598
154,14.39406763004276,5.683685951102382,1.8923699756708727,2.889646298743357
155,-9.336808625143352,-3.7527710745390324,-0.05731235951516064,-2.7872971384172596
156,-3.0243919789037474,-9.109383449029254,2.1035559810728888,-0.07800017463746084
157,-6.432158582617901,0.10794730957736928,-3.382821405398796,-1.5114166068636914
158,-10.93140580288849,-7.443663911875165,2.164232540606618,-0.40609484334909063
159,-8.58061942902229,-2.715734503856952,0.14028768792751833,-3.955647523679115
160,-1.3467145588400684,-0.06242733725560061,-4.105369116715402,-0.5073928035428167
161,-5.666387240612424,-2.407259752491617,-0.22021527118659653,7.262259853440721
162,-1.7737527522202516,-6.569820149503167,0.560670213128661,-2.746487846737209
163,-2.500072420198077,-5.291678909336774,0.5324257068916538,-2.9882221368597017
164,-4.563901424735004,-7.193342781139945,2.162572378142058,-1.390600895816567
165,-1.2916584062133476,2.7610178145996023,-4.209140289388813,3.915187585011217
166,-3.5840894273941872,3.508547056542192,-6.475580988668759,-3.4495157131470666
167,9.338493318005204,-4.952653123022652,-1.4032893736962082,-2.5690084710132064
168,1.9113000781328617,2.76276308231346,-5.4085699278807455,-3.3380445682840674
169,3.4692721392504082,1.1158256586477469,-1.998252858865665,6.083655614661018
170,-1.2933114402412036,3.322153729487586,-7.723822950262874,-2.726177787748648
171,3.8721678417723644,0.5994462390013693,-6.047528604697724,0.6897937403584943
172,-0.07891083434780971,-0.0625046666040713,-2.614780781611169,0.6530492961818322
173,-0.762622809613986,2.606195494807197,-2.6974532656061303,4.434563463127642
174,1.8489552347631866,1.0882150592843858,-3.497599103760269,9.23484432500664
175,2.7944964915672648,-0.439802822952525,-0.542565397279725,3.0518335681028774
176,-0.45282162406993637,1.0533174986984206,-4.523155532329974,4.5513497058408685
177,-1.4984673988716084,-5.083293672050039,-3.2095464102504936,-2.9986520332203837
178,0.8656678301313867,3.2141682092749697,-3.411918559700192,4.218452179758323
179,0.35497408869944025,1.743506444652083,-1.603174598535551,4.471092373711221
180,-3.3022337050157744,-3.187143891992533,0.5090779776363235,-1.7946307509101198
181,1.595982560218489,-5.8959444952779085,0.6209372686872319,-0.785977207096142
182,1.9489716825653136,4.146976766878372,-7.537026003060423,-2.4682656937122034
183,1.3162054334697875,2.939767854963861,-5.429620534492153,-4.562579825782243
184,2.6852181333109146,1.1555144157901567,-2.004269611654261,2.706935768284513
185,0.11785157521687803,1.5622465435440156,-6.320107196081634,-1.4135708586984146
186,1.2241524506245833,1.1262160404081172,-4.998389716906123,2.0978224055067374
187,4.512080904087925,2.5138033591443483,-3.500007003305444,3.1935003279970764
188,1.9761266517363036,-2.756541866932663,0.3098141427403168,-1.9781529245850804
189,-2.586416046266268,-5.861165682296258,1.5714613436809697,-2.9919171676021556
190,4.483935833082373,2.0393167844383364,-3.5173424261157242,2.0236588470614683
191,1.6734102336540868,0.8108038911788769,-1.5185291767898108,2.5185805593445885
192,-6.848805811712822,-4.590399209192171,1.1676355688576978,-1.8038484087847064
193,-3.3121511496860845,-3.6696402295598314,1.4528073808796425,0.8393839807212885
194,3.5350460051006856,1.9411403509004106,-1.4344116909291982,4.168436537018133
195,2.300439257126433,1.5627611243340096,-1.1542264423602233,3.0948228720720743
196,-1.479819937449187,-0.4301379254655332,-2.997015951363002,4.063006851010615
197,1.467594780458621,-1.3165212788497378,-3.845450736168586,-1.9238883782493095
198,3.911854140391852,0.5391777621191417,-3.0216814500157847,-2.295545179018515
199,3.6766116173519245,-4.072551464478819,2.009495717366185,0.4201787948670116
200,-0.708508309704799,0.43745294683323943,-1.8822575117108273,1.4776656244107846
201,3.261252152941917,0.1936949868313629,-2.3221768277389283,1.7821917108173875
202,1.1857518500075719,3.5978350362228992,-1.031499376713989,-1.1723192844239754
203,3.538860063063696,2.0715869887092824,-7.283800540236617,-5.956396314560362
204,2.491276755328638,0.8305727971509745,-0.881044897296442,7.2767214016672215
205,5.182378090772663,1.3304370141458464,-0.9587838715327012,4.522721840325651
206,8.207885608202185,-4.925653093828753,0.15347508989339817,-3.0966017190628823
207,10.161103805720778,0.0751810876825401,-3.3646815833139394,0.8505315549291925
208,9.844768929115478,-13.212011632560609,6.193559281800086,-2.398750324324481
209,5.268590383302775,2.6804126043216554,-3.5435767563167384,-0.035568906759035776
210,6.795431577582336,7.261128204378983,-5.2868685107771975,-2.3400698129312913
211,9.944763799293998,3.351636764607356,-2.2183848197606086,-1.693033043963722
212,-5.7938892856068325,-0.31705968322936845,-4.331983276669528,-0.8721599465167807
213,-1.2673590560596382,-0.7513058406703259,-5.692892164962246,-2.3954206013777544
214,-3.4876678137193413,3.2958271351957307,-6.394714442824988,1.8586639270718182
215,-11.478360008201058,-5.680529833995706,0.05434487222634315,-1.805965918170235
216,-6.487071756153524,1.6258834153938702,1.253069188615338,0.9941031673237845
217,-2.190506318886087,-3.029358133948815,-3.262898648474183,-2.9763711459233164
218,-10.635881200961222,-5.097705669468714,0.30731321137277157,0.2530808888274947
219,-3.066876465584231,3.291655682646778,-5.516530846882611,5.591201220633792
220,-8.603646453130398,-1.4092407108211993,-2.3500433397152354,-1.0514576928409238
221,-8.626175469462657,-6.992618152165098,1.5724370602344095,-2.3861200339476616
222,-9.14262671452433,-5.631040125869182,2.440145293887409,-0.9137620246423266
223,5.6612139600580225,8.383744302777334,-12.34245284708303,-2.1173652687830202
224,-2.8203591471078004,2.007069056113326,-9.30788456457305,-3.452599366793282
225,-3.6273510514328344,-0.32307458645320636,-4.0151264187132005,0.05108259199391714
226,-3.8225395981422143,4.2065940502842025,-4.592842738988347,6.061339480826095
227,-3.55389688838272,3.483689453811848,-4.842821592007465,0.28762595037135075
228,-9.795639745966687,-3.6125968951288705,0.6850108775747853,-1.973664509169874
229,-9.559810490935066,-0.6173429286166588,-0.34853899176625514,-2.492709311789808
230,-2.6649582066894797,-0.8245157471228288,-4.300111565070896,1.1752097987924417
231,-2.414556019932017,2.4250923679817884,-2.1444302690671186,0.8234353000434663
232,-3.7703394269780213,1.9452070658399314,-2.4788008308332246,7.6311810991745315
233,-4.092855492870266,-3.298806519330454,-1.4486980648675218,1.4956701606055451
234,-2.428975511917739,-3.2082073582631256,-1.7687426581358467,6.702138996636711
235,-0.9139787031623509,0.58996177546776,-2.141444197096154,1.3198277413935728
236,-0.011119714333039267,5.260014716501753,-4.559282247988119,1.5080020800498377
237,1.0898896627285484,-0.31521109157389254,-0.1898587409675854,5.740407145898993
238,1.1365876040630072,1.3009566748607855,-5.703759514164936,-3.5503498087922343
239,-2.249233397073802,2.3478037697244916,-2.9122784153334798,1.9126148919004873
240,-1.2861453197289074,6.0005638784376405,-9.639528857849205,-5.708077439353703
241,-0.06428630398882235,0.3211627665563207,-2.7982461444812903,-0.572394786997588
242,5.561495453212392,3.7326589131823766,-8.547516480648087,-5.411419381648879
243,1.4705785399875142,1.0017742786581627,-0.7980614259923569,6.339559600853894
244,-1.0350826982929573,-5.824281728234789,-0.5242756810188356,-0.8169180180857637
245,-0.5237611936475689,0.09227501064762822,-3.863149804023602,-1.5031810692704506
246,2.3748805464098477,1.7691017621865541,-3.6042630207627906,-1.7671753795331004
247,-0.025376178167028075,3.450206404928269,-5.157820402405318,0.3663625111386702
248,4.190297149434375,0.821650542705766,-3.848008073685955,1.0295220979935562
249,-0.7680413482537072,1.210244342322356,-0.52757816582284,9.056269972144115
250,1.2823846089677509,-7.53278157047031,1.5595697217223028,7.397822564756501
251,-0.3677927761140894,2.964679414523503,-6.302508349678637,-2.074533868895555
252,1.9801565050823968,1.4428269002329734,-7.471890915831601,-5.810396684718141
253,1.0503005799227167,-0.1693759340064292,-3.7896459260559374,-5.548667686209741
254,2.580026644639923,3.2909338389138787,-5.222127144081998,-0.6766164088720393
255,0.9083490769034385,2.581808303614472,-4.63261197059054,0.44205582458021275
256,5.6159265393930164,6.257073036797317,-5.525086596125921,3.9758076514610727
257,-0.3556869077595758,3.5389193589082764,-5.563428224141407,-5.76674166705657
258,1.2032068148761845,-1.1823637073371878,-0.9062183015543163,-0.11603767551354643
259,1.6490057268428462,1.7317367201148275,-0.8817932476471061,4.545755047097249
260,3.793378893661373,2.1864022078705285,-3.486222091274944,3.712767167352761
261,2.411823915683229,4.635529544865012,-4.6567663674321755,1.9383927484432661
262,4.230489668941221,-5.065284607685528,3.7069402302487156,4.4044176205213
263,8.6857384880591,-10.044654905089288,0.9388757484935304,0.2097235071842007
264,9.247147767009375,4.639908354737303,-4.99281112963246,-0.9747504341020293
265,7.94168899220708,-6.90247292225962,1.3956223331589623,6.285143967218184
266,6.968413597327251,-2.1273581811219886,1.4039324488254117,7.840218818788191
267,1.9331469517686595,-4.646677911600496,-0.10675506479832195,1.6524230750182278
268,29.103848779738257,-15.34748226305962,7.26368651926258,-6.093824374263567
269,32.47369352800786,-15.304711365208819,7.189400401813107,-4.169044917268795
270,-8.600296348574593,-1.9199695669737633,-3.1265685755810515,0.6410379871252815
271,-2.515204732332253,2.1594390131921966,-9.203667357795915,-4.3677434549686085
272,-6.165385057148909,-3.048029352815656,-4.985846631256738,-3.556568312726675
273,1.9193064277020264,1.0725963233874998,-4.510836557493556,0.1905693069356273
274,-4.792714552474469,3.8324082267267343,-7.040480026774732,-3.581776893669089
275,-7.837968583899815,-4.355396906256203,3.2069236776309946,-2.5253745485872274
276,-4.463355708771331,-1.159466591856188,-4.855139272361029,-2.401154543370666
277,-0.8918062647762443,5.171514399211945,-7.044835039816343,3.3721994812047957
278,-7.762214193308105,-5.587355637512213,2.058730669913753,1.5576920303220285
279,-9.551496990517103,-4.5679347371266195,3.2218022419624375,-0.9439838137242641
280,-3.1468784949568303,-2.0634144434577126,-1.8152514737301049,5.567383339726143
281,-7.430432617729876,-1.972059526356001,0.7855076319433101,4.2917192285247365
282,-2.380178504349286,-4.500580241718819,0.343444144022272,3.4901267279956802
283,-4.586925315642373,-8.229184618093685,-1.7652205223503323,-0.8450287644359522
284,-2.648435138240443,-0.9627590947078262,-4.981406314441194,-0.5419087331605935
285,-4.870848645950945,-1.7920183857452705,-5.189147628180583,-5.760957081487081
286,1.8751329236072807,0.4151414246333386,-5.745028598557838,-3.3823105030422917
287,-4.222745614113513,0.30400137289182805,-1.5129482098165625,1.8918427323451195
288,-1.2976746889922939,-1.1383715448050404,-0.7059601597478788,7.297318652370075
289,-7.136547868469046,-1.8388468930278354,-0.19730101737282643,5.335773207619188
290,-1.808214602578166,1.729984901692314,-5.852395489085753,-2.6804618818683257
291,-2.090528354568757,1.7795518590518102,-1.3533532352110105,3.497702587009513
292,0.837159378564879,-7.6612011155612425,1.4119604957299405,-0.5104646114457091
293,-2.5848092754574328,-3.277125887899246,-4.503865814559189,-2.3242564235681606
294,0.8591318514314165,0.6873442435634068,-5.76931288233039,-1.0162356065603129
295,1.5284570527565482,3.345036305140603,-7.067451881468972,-1.188317667089131
296,-3.5050392886971475,-3.3240335396928775,-1.9454405657432683,2.4433220021200235
297,-8.120293682215001,-6.018744964094113,-0.03882370139932234,0.44929113293403716
298,-2.6605291676360214,1.393278901032603,-0.17570957650282654,5.397002929571196
299,-0.7283088199554348,-0.8132878866103829,-2.8749441707235133,5.876216020025156
300,-2.7659452437190466,0.967521694528102,-3.1134490187865445,3.6541142716429733
301,2.0077102308105057,-9.645454979016186,1.4404153630134442,5.142242750264704
302,0.5670758579750313,2.9579820415927522,-4.183235961281028,4.071503785737184
303,0.3737298950621416,1.1440093988758617,-6.501169514654614,0.5692660757155225
304,0.7854112087131945,-2.134429997565535,-2.667595002864619,-2.157782601009561
305,3.592079498713164,4.6592074538075865,-3.6306172683778737,6.797408987701909
306,0.8958054621386351,2.9756936926576723,-1.5462734182029965,7.953902228216899
307,0.8491134038945836,0.048386076484603455,-1.5794551085160704,-0.4484951711762758
308,-2.549378003175423,-0.7110562133104136,-4.5977327651718545,0.7166502057916856
309,-0.19748661156773528,-8.743652694405338,0.2518197970439057,6.155229019929097
310,-3.9242097819934165,-5.236110449832101,-1.0950328960750337,3.2062617911835716
311,4.8279285713507525,-11.175685961672954,2.14139481493623,5.4821605872586305
312,3.857180855199797,-2.2698860038139204,-2.1226914228097558,0.6869534677584368
313,4.398041757881876,-0.3575885803989575,-1.5686880754857335,1.1565856022743066
314,4.7229206774434465,1.1552187246743277,-2.8850148556708075,6.354087713239959
315,-1.9794376647945537,-2.0931186686881427,1.5082885192988236,6.0978558773209
316,0.22022863768169965,-9.286544512093366,2.0466168997964305,-0.5089042960095457
317,1.2972562476730858,-0.8855796013921581,-0.07923031061324091,5.028751750893462
318,3.0044230195477692,-0.7126517954019518,-0.7115239733398854,3.084734301915764
319,2.5224063524673515,0.18291134195723957,-1.2711937391624322,1.3000787763996422
320,5.65165282443581,-3.583750324431321,-0.4240015951684564,1.4549232488034474
321,0.05039472172773249,-2.266935410823546,-0.9740380203664258,0.749668366591706
322,0.8081832593984115,-4.283614751967664,-1.563876770627322,0.4317656476972384
323,6.5918150048815285,2.0668335508677464,-3.4276999790065323,-0.8989577641751696
324,6.04837323825534,-6.825146136247166,1.6521356009435677,-0.4200849847226079
325,0.723327349094926,3.777653559217371,-5.132828682398739,-1.5094553293847266
326,9.969244228341836,-11.258893123024189,4.1805979038108,-0.1346279731246744
327,2.4984277963763906,-5.562453006389907,0.8991928381613312,-1.8044190754063494
328,5.94662288112366,-1.1611162978798184,0.2692109515411055,-3.4708940776393886
329,5.179796957609119,-1.8830505363458516,0.48443184859612387,2.807441900589084
330,7.2173515474344105,-11.847836175369679,1.3492828469109797,-0.6608303099496907
331,7.549866808112424,-1.3540686749998385,1.5455796603679,3.0587465075114233
332,11.140769510738616,-6.923550844070989,3.5471716042079717,1.1808802487469165
333,9.994795159750508,-5.1215385376422535,2.3389510957858897,-3.983987705316636
334,-9.869285699393531,-5.151990912978914,-1.998446419651877,-5.5222778019992145
335,-4.540642592337953,3.4171980263958277,-3.9317117101851116,3.119899175595304
336,-7.814736563855979,-8.337011664440983,0.7008524814264896,-0.6000594362516736
337,-11.047290071590561,-6.021140712686835,2.787370946253043,-0.5432055922042593
338,-5.794394491146938,-2.1849504118421827,-3.08373326130963,1.731219214988149
339,-3.729756210841203,-4.918027041284481,-1.5190128127371416,-2.0518490054182354
340,-3.7768254373207517,-2.610889036988912,-1.9024522775699975,3.764385705289765
341,-10.622190456539062,-6.26574090744983,1.5568187465926255,1.877826068503771
342,0.27974145543312284,1.7807574468902467,-7.166497407025019,-2.424090526580523
343,-1.5359175155154823,-2.340771816813281,-2.592639463771029,5.465868906019521
344,-5.780724065112663,-0.22155837739023396,0.08596945149845917,6.9212465432642984
345,0.6642045735693598,-0.9051130601008931,-0.9934533609349366,1.1357774992103975
346,-1.2263193117167528,-6.474209131621035,-0.29651008619177505,-4.413192456830178
347,-1.584883672501026,-4.288359725037663,-2.4966411238394324,4.044057548758376
348,1.0249978972766645,2.8237594080127564,-5.2243466100990235,-1.1811413632683443
349,-2.778464577035226,-3.8613336792000577,-0.3833155684408735,-2.3090139793331446
350,1.640808605054393,-5.034804185387328,-2.6174270575556773,1.9179554002605512
351,-1.5760380844985302,-0.23292876509724486,-4.217066429874767,4.578087558600969
352,-3.113645226220834,1.1733946612873094,-4.923751497409635,-0.7382549665317482
353,2.7189841181841827,3.0453828508549203,-4.24301662310395,5.9783143839755475
354,2.70829491230867,-3.0260068883398223,-0.9293240311154477,3.083880318083124
355,-6.666980982128411,-6.759985932325377,3.4368608544979486,-1.4416627401060256
356,-0.8922640697795129,-2.0747861146045192,-2.701801773097539,-5.38794522020499
357,-1.9740774688484968,-0.28782587229163425,-1.2381348536086942,3.8967970331858566
358,0.6116439335257139,-10.613147846398014,1.5408055749020735,3.076650383686276
359,1.0527002075774503,-6.7600014053168715,-0.4593454899437729,-3.063263374067144
360,6.897099609871341,-8.452881419772961,0.2656792357017546,-3.6670138367215848
361,-1.5834781660274453,-2.9562813030476702,0.5662387782377173,2.4449405520802934
362,5.100604869159576,-3.7150303703694423,-2.31328286002439,-0.6416394319490835
363,6.606917345657597,-2.4683471231641065,-0.36755149305296003,-1.378550435675713
364,1.5088008433884215,-1.0850684571856937,-1.9484653124635447,-1.8849438942810517
365,3.1698895334633,-3.731668764271088,0.5573378645242346,1.0998398993776277
366,4.683118595158814,-0.6603356654976911,1.1533935961551611,5.131112704248839
367,16.661437952974683,5.249940867025464,-4.18293462121115,-2.9267198238869905
368,-4.146045907873644,3.6030496507799663,-7.548905660972497,-3.7158575201133006
369,-7.4188596924568815,-3.167874526359019,-0.23406027579923397,2.865672993374923
370,-7.150132761575154,-2.8406204501559675,-2.7486246899643048,-0.05950987281046961
371,-1.0090880954966484,0.3493273956704064,-5.530273840400441,2.993890677563832
372,-6.050193564272552,-3.8452985744454313,-0.10580161449144133,1.0873816931624012
373,-0.9077431372047031,2.1055516350855896,-3.4628997517578077,6.336435146362916
374,-3.2213819946334,-1.3180271132930055,-4.658828208930717,-5.906140077698342
375,-3.6358346420379353,-4.487453238825957,-2.1223801678931564,0.9334861453201394
376,-0.6034891094339084,-4.0543356773646,-1.0675261059136987,0.8169587219368664
377,-1.925852129654027,0.5930137988221145,-2.9335908026593436,5.211845947652354
378,0.9609918480555009,-2.1495637124585216,-5.238986795204733,-5.380456403146204
379,0.4938131177640207,-1.5047665819110485,-0.5157017164452907,5.028908969558652
380,1.3958368928905065,-0.05829869672526536,-3.2307226786178083,6.03624741026463
381,-1.3958023846493217,-5.25018534178122,-1.3514269451242547,4.956335689279061
382,-5.259423454611126,-7.796163884705587,-0.596171786531149,-0.0470359365901921
383,-1.1415862461878399,-10.748874411080129,0.9236326726724382,-0.38355707974681635
384,5.546319695581872,-9.484314015113602,-0.7721594630871279,-0.3092196579494159
385,1.9871797745963353,-3.597536471593688,-1.566684868976034,2.079949081375409
386,5.785424074862031,-7.523244442691329,0.07899813611996825,8.873739838359295
387,1.8018709287049381,-6.918193875424477,-0.39051684261651026,-0.5058690513898817
388,-0.9751478519807419,-7.894004093823439,-0.4046020736620579,-0.205056389664594
389,-2.175220640625705,-4.46464723697864,-2.642952453589919,-3.3793516847625535
390,5.5773689275764,-9.451356235461063,0.12599699769097267,-2.4496440982899093
391,0.2289379065662599,-7.59538412795654,0.5526133508452614,-2.487935405719165
392,11.943555147532024,-1.714271171175416,-2.6039724056742255,5.904306859381916
393,-3.764213471481339,-0.8248629348352392,-2.6302254451465803,1.2242384982570491
394,-8.901286999321421,-2.0333900784124608,-2.318163323843645,0.6856629840660151
395,-5.837555144434977,-3.441666400893153,-1.2900041333879175,6.61968886232688
396,-6.690571530455204,-3.3613178387343634,-0.49049104460882176,0.37546171049198473
397,-1.0952960016476352,2.031058805817822,-6.3868766082392305,3.5878996438287825
398,-1.996783867345503,-1.8364332787317892,-3.1904543061474495,5.7568892093587
399,-3.7741399812257947,-7.222147191603654,0.16029671683594104,1.0832358133884945
400,-2.5888689681831627,0.09994188983253166,-6.199726136535922,-2.8142906479571077
401,-3.82343945027043,-4.397026289428399,-1.5625041347589599,-0.03006861533581034
402,-5.2680024850396565,-1.5769245676775943,-3.616098220874661,3.1852644536927928
403,-4.463971707758262,-7.396097044556068,0.5029082683454716,2.0699620301963004
404,-6.469198579269484,-3.7444233709419854,-1.787819988755455,-0.9142581787814789
405,-9.806388720243925,-6.882546613098246,1.7481038731783423,0.3310476838351229
406,-2.243767974375827,-3.599684835467259,-4.14814232925051,-1.603524306188436
407,-2.778420109260906,-8.260356032472517,-0.4828582037469336,-0.7016122765548751
408,-2.617126901332563,-2.1801117857946015,-0.6187610890659914,4.0008991035625465
409,-5.020469467196482,-8.039070933390043,0.4495570822537269,1.2420609161534484
410,-1.8848115486551003,-2.841975232799071,-2.6317377065127134,-1.4930295733547345
411,0.21548702272724343,-10.465906468181284,2.584208223802893,2.0683123135920582
412,2.1768063228248127,-6.708430406403898,-0.13067404497794446,-0.8647401787211355
413,-2.191215412183416,-6.251167145709988,-1.871660505147549,1.2186251338675573
414,1.363620546576201,-8.620214387998942,-1.7617524698613045,-0.4341788685830932
415,5.853962779995235,2.95625924337017,-5.559826533736443,5.565066939666614
416,2.4970484416488867,0.3237785867870899,-4.119210851574477,-0.851990018338248
417,-1.5196581165324756,1.4748608174307052,-6.8132332192583736,0.7475699426492006
418,-3.7805759964377326,-0.1521261558072567,-1.7361786900105143,6.665202708598117
419,-4.677947287062955,-5.359925394301887,-1.1621984802902317,-2.939693925097101
420,0.2286756432483244,-6.913438584235814,-0.04403933895826121,3.4142063874228237
421,1.8992882153064459,-5.203535803397235,0.5479380386487609,4.661630671922181
422,-0.7671233248590319,-5.702889285659805,-2.940733051380281,-5.783811093023884
423,-0.5207391730873019,-6.204803532990819,1.1854909661991078,7.535542243623609
424,4.883500387199805,0.22208737039137857,-4.20979808682322,-1.1796886171973253
425,-4.9735775764040255,-9.425172351292913,0.8202758290557327,1.367581018893753
426,-4.0490863715766965,-5.115444793815809,-2.4369522492950786,1.6248893429709501
427,5.50963930363232,12.977936154104016,4.248676711845055,-2.5856364679882047
428,9.72657159569623,11.814706011238346,8.865012343141993,-3.3810936154066646
429,-4.762834326092123,0.8271085388097065,1.6773490692412298,-0.7634356543088822
430,-3.6335637056812695,-2.7822895521470508,6.46970802469219,2.9728123947259952
431,-8.191695602727345,-2.8773718140760582,0.23904783823641876,-4.5853010291658265
432,-4.737856215579732,3.296781521014883,-0.8065104961147822,-2.417135481372416
433,-9.238666727403428,-1.5794593815035771,-0.6830669618230762,0.1541240469241474
434,-0.3167108297036404,4.172342738818486,-0.8115863614741828,0.8170935314067425
435,-2.1220972932597824,6.216463994541626,-0.13725910951202655,0.6380652785598941
436,-5.600511406721908,5.982885859791366,1.2670527743296627,0.5015054801609738
437,-7.040597603823227,0.745038290208124,2.442527511700656,-0.3058875994996966
438,0.6517628287377075,-0.8229205834005862,2.6256805968944428,-4.5054538916477735
439,-4.237486523694153,4.15483140270177,0.09303923239477627,-1.7847538716628613
440,-1.8010408237823325,0.8203063562522598,2.987430793249225,-0.8893336588662866
441,-0.3683441952908192,2.058030604811849,3.3859498494519684,4.9365251810898085
442,-6.043046098459153,-4.037487644543126,2.3356475620183694,-3.5204174163605875
443,-1.0461241579985447,1.8757652720098315,1.7631220409409214,-3.1546519205982557
444,-13.40605183399231,15.461227241545156,4.784850340714819,0.03967783617184215
445,-7.8665432445740056,11.314624079677337,7.49165353428818,-2.449399184634677
446,-5.560464871373884,17.951158558165133,2.4995511591324258,-3.924553377756091
447,-7.833587168718179,11.587647453444571,5.585461299518989,-2.727514557644948
448,-9.389550587178327,11.769816711899887,6.5778205579532685,-0.0826628156623859
449,-7.150922037719216,13.153757675587215,6.8231000422503305,4.4445226630946815
450,-8.1791647354247,13.457907127486832,7.071401609106622,0.5496966538980197
451,-13.333874369090445,16.245642033921794,4.379320021245756,5.277088133623652
452,-4.718436748729056,14.98589130663396,8.295148646463323,3.7318074874816816
453,-1.0229628861654063,15.531871513409511,4.60162350638274,-0.2659367749584854
454,-11.251977340008459,11.335773864172417,6.4878716455719285,1.2466370004199632
455,-2.8001970390143938,15.547003840679913,7.381215949527286,2.9489902900890677
456,-8.553196350748777,1.308014821003232,-2.0156273837515957,-2.287493412476585
457,-19.590291068248597,4.146520337868485,-5.187279383577321,-0.8177971286613634
458,-4.145909227275016,4.442887523440604,-2.4289217802049485,-1.8911076058452185
459,-7.081687224354138,-0.12186540127147255,4.640316483884502,1.356959540194392
460,-1.9052389931187597,3.4406377917825335,1.4912059538996603,-3.2565947127109927
461,-7.822756061199447,0.03286105820102806,5.314766331780514,-0.7872233399552624
462,-3.7008758585283537,0.17061443395299883,4.3562419106709305,1.2475870647862515
463,-4.774075088504729,-2.342300354262635,4.013419058153411,-1.9363368301760802
464,-4.080056467170238,-4.064551280653587,6.349045662372871,2.7462055980932196
465,-6.443174177305266,-3.0881403551468822,4.206490467191335,-1.6717337442382758
466,-4.9672825261486935,-1.4057069942369234,6.495089647130765,2.6434715938903883
467,1.2798634919391365,3.6359717270965883,0.47776829161592677,-2.919348682255072
468,0.10051654294133537,1.1803542064456447,3.060569913986865,1.4528942295134413
469,-7.319101537866582,-0.30604116498779127,1.5308183893979301,-4.091939003926331
470,-2.4445469620161213,2.1780153125252415,1.3748281850488353,-1.8841707747102125
471,12.413720473407622,8.649178742538712,2.6320369783492494,1.0838585002875276
472,5.319993427032207,13.898055317545706,4.123805377691659,-1.7505124382573165
473,0.4899607497604719,1.9079428021016855,3.111291842903954,-1.6257087934852714
474,-1.410266209243045,2.056072747591883,0.7943799619347415,-3.484307925211729
475,8.955596455851545,0.8238721501410905,6.602016211351924,0.30738589022693896
476,8.78211790460672,6.480634908898781,6.179526989056634,-2.8526524433140246
477,1.0350986234300468,3.263684867991746,2.833173356345366,-0.19095874221019926
478,1.914502790650219,7.216134521367211,4.4082018015623685,2.645225749090054
479,-4.113163195840338,-1.0219385221946233,3.304870288270012,-1.8852371333765137
480,-1.4658618987366328,0.04535940076430188,5.695123694888868,1.8566184708293294
481,-3.58461358988439,-5.129808257106003,2.788171752459863,-3.9227190008515374
482,-4.349621114943211,2.6637550688163922,5.552924506717747,7.439328933790384
483,-1.5812570747392898,-1.5309508983139075,4.901419945713591,-0.5536624918230201
484,-0.9506888696590985,-2.2896277829238194,4.552396130284949,-0.22024543216834244
485,-1.6183192273243734,-7.04992598692033,6.5575701713547945,-1.903423965268713
486,-3.2191455813686103,1.72912622560693,3.655874041369046,0.15029801802004145
487,-2.703874268852263,-2.046215705181299,5.549971778774592,0.35362416909521754
488,-7.644843441068451,-1.6448443832894044,3.500632102073443,0.8036661353855646
489,0.16534568771896996,-4.10957356023796,6.440878552165764,2.3924906610812258
490,-6.485812693702287,-1.6698369950391754,2.2791737005669654,-0.3649550664284718
491,0.12328181477260534,-1.18097895081947,4.753867344979052,-2.720729262209788
492,-1.9078810529480057,-4.430226717147761,4.485687830362186,-2.4192714575606584
493,6.350264500523429,-5.2649677033628155,5.137368520668128,1.9503083223238566
494,0.20056428102863572,6.356737270220846,4.117146679039027,-0.04271946690547997
495,2.987934483535878,-0.4381191528889153,5.526785809842886,2.74820549917466
496,2.7130846129696993,5.269642718595277,5.189827336319435,0.1518518591349186
497,6.027847454750576,5.530975939794607,5.811136575111336,2.201918243675083
498,3.896200131636478,11.434903567684787,0.7285857056198455,-3.965194316253963
499,7.218501780466495,5.686344139719875,4.340742447196042,1.6379920617041348
500,6.137144275405004,6.240767118934257,3.6752739892360715,4.984502842290099
501,1.0656790642509522,7.159043528434498,0.951786882764995,-1.3514177528167095
502,-3.3486045678794043,5.923088661228323,3.1306641777462945,3.565895252429575
503,-5.7488624346033905,1.3876141049444897,0.8151742621171928,-1.68318805574639
504,8.105965980918967,-2.29076417315787,2.5262996670539786,-0.517787526322662
505,-5.434425679514363,2.7788455809378902,-0.6660538924432107,-5.563614148050161
506,3.6734903490903843,5.538487716375427,-2.4705044025797624,-3.18965695166477
507,8.235274010729722,-4.009877003600228,3.504010630121974,5.931761280201106
508,6.85088759821756,8.68131918263735,0.41881496105752514,3.054774278185472
509,-0.5736600306697069,0.03258553224362124,3.339286708693662,-0.2033943093651601
510,-3.6430220365118595,1.408160894522559,0.81338633903645,-0.3580204258790429
511,2.737201647698008,-0.2906845425738433,2.6124711767422566,1.425863522603158
512,-3.703371122709239,-0.1442414430583803,-1.152631038622485,-3.0344743355316615
513,-7.040422619395632,-2.2740683474760073,1.4526249548769334,0.26805457631248986
514,-2.5487367433568218,-3.17881478353924,1.531706235929498,-2.373677360562412
515,-1.379120114333711,3.949925416014188,-1.4477512869271765,0.04625395033740051
516,-6.889740551585311,-2.2942448017982993,2.864714724484179,-2.459598240807818
517,-6.836148599503129,-5.942300430383536,2.1524459059862826,-4.936975904877903
518,-6.835440956234952,-1.6933415610614244,-1.0522952168292097,-1.5304268501099214
519,-6.139879636715764,-2.521442530825814,-0.7527755168231787,-2.748464852380676
520,-3.1410805993865987,-0.9831225425116914,2.0871045260925603,-6.671527273037186
521,-4.569281037090508,3.9848683367509565,2.2640502764340296,-0.22102108323943093
522,-5.460957624847113,-0.36996720346524137,1.714748695242759,-0.10600342659837328
523,-0.8286909507531071,-0.5582149953490396,0.518813142420166,-1.8343072264715385
524,-7.218117944664899,-1.572638827296335,2.986464377160528,-4.12608893808069
525,-2.8664556935509062,3.465625131162551,0.6994352442105201,-9.006274948929676
526,-0.971236235757748,-3.7600259320720437,3.0300443057127366,-2.3284351178301916
527,-7.164092441177302,-2.376073173435888,0.7755571062448281,-6.156023269773186
528,-0.5786487137058557,-5.927796452819998,1.4403577527731986,-6.630283765945196
529,20.01827319505676,-3.290223256323587,12.938267991026942,-0.4829343325775757
530,17.360514499743058,-12.022069728129074,6.230809816033118,-3.3597154884423133
531,32.1913404726382,-2.4382284133418795,1.6133315783599391,-6.028924968400595
532,24.888977480900067,-0.22752228985585404,4.996624169175335,-1.799820482104943
533,24.982106212995305,-2.011103826397011,3.7540938408834306,0.31265994389112034
534,24.88018171248285,-9.77724834553016,5.307040235607687,0.4376705700562986
535,25.42337398501257,-2.8236568160345703,0.46099727794312384,-4.744678990597708
536,32.57801579145329,-3.008027219745601,4.5330792300096405,0.7241628585486997
537,27.547620381857428,-7.110444977261721,1.9834108199036526,2.0740550202022945
538,11.079988110286964,-11.534190092840367,1.9268624373573118,-2.785640411909265
539,15.688306375133836,-1.967952228937192,2.528944236236081,1.6346311290859865
540,-5.5434909312895,-0.6428920965662895,2.682845390983835,1.0488786916388244
541,-1.1693634501319745,-9.112683681789022,4.758693871758554,-4.488695436595723
542,-3.8310675290844554,0.11230370277207197,0.15882555346532126,-4.111193877518224
543,-2.2052359134955717,-8.500727064691416,5.053405682612823,-2.302530997886754
544,3.470568389369357,-6.886800602177339,5.231903363594729,-1.8022958606065285
545,-1.8322826292138925,-2.589127343548417,2.422798308801863,-6.273362348839147
546,3.9874779147895083,-4.377706827123514,2.802106476860225,-4.194745545292467
547,6.908057788467069,3.144191617774312,4.0821879602590005,-4.380359544992781
548,-4.039231982346573,-5.478987799606936,6.203628365877207,-2.9019484868054195
549,-0.4622532218266626,3.359677843540257,3.1860065125459336,-5.30662753070641
550,-7.995022969431515,-1.6187113107790485,0.8261793046053468,-5.0054297337078735
551,-6.51996166567554,-2.0170200034219254,2.8478928714836784,-3.71930404479921
